Ticks,Source,,Brest,Gomel,Grodno,Minsk,Mogilev,Vitebsk ,Total
I. Ricinus,,,40,168,44,37,21,17,327
,V,t,40,163,44,37,,5,289
,V,f,18,82,30,16,,1,147
,V,m,22,81,14,19,,4,140
,V,n,,,,2,,,2
,H,t,,5,,,21,12,38
,H,f,,5,,,18,12,35
,H,m,,,,,3,,3
,H,n,,,,,,,
D. Reticulatus,,,42,129,1,42,10,2,226
,V,t,14,106,1,41,2,,164
,V,f,7,66,1,12,1,,87
,V,m,7,40,,29,1,,77
,V,n,,,,,,,
,H,t,28,23,,1,8,2,62
,H,f,27,23,,1,7,2,60
,H,m,1,,,,1,,2
,H,n,,,,,,,
,,,,,,,,,
,,,,,,,,,
Infected ticks,,,"46,3","37,4","33,3","34,2","32,3","10,5",
,,,,,,,,,
Diseases:,,,,,,,,,
,,,,,,,,,
Spotted Fever Group (SFG) Rickettsia were detected in 24.4% (135/553),Borrelia burgdorferi sensu lato was the second most prevalent pathogen and detected in 9.4% (52/553) of all ticks.,,,,,,,,
The Rickettsia infection rate was significantly higher (p<0.01) in D. reticulatus (43.8%; 99/226) than I. ricinus (11.0%; 36/327).,The Borrelia prevalence was significantly higher (p<0.05) in I. ricinus (14.1%; 46/327) than in D. reticulatus (2.7%; 6/226).,,,,,,,,
,,,,,,,,,
"Citation: Reye AL, Stegniy V, Mishaeva NP, Velhin S, Hübschen JM, Ignatyev G, et al. (2013) Prevalence of Tick-Borne Pathogens in Ixodes ricinus and Dermacentor reticulatus Ticks from Different Geographical Locations in Belarus. PLoS ONE 8(1): e54476. doi:10.1371/journal.pone.0054476",http://journals.plos.org/plosone/article?id=10.1371/journal.pone.0054476,,,,,,,,
